,model_name,avg train auc,avg train loss,avg validation auc,avg validation loss,avg test accuracy,avg test sensitivity,lr,max_depth,colsample_bytree,gamma,early stopping (iterations),index
0,model_9991,0.999999,0.003309,0.999047,0.021624,0.995093,0.912605,0.1,6,0.9,0,50.0,42.0
1,model_9991,0.999997,0.002512,0.999213,0.021031,0.99577,0.934701,0.3,9,0.9,0,50.0,78.0
2,model_9990,0.999997,0.002336,0.999036,0.021151,0.994585,0.898595,0.3,6,0.5,0,50.0,63.0
3,model_9990,0.999998,0.002255,0.999024,0.021059,0.995093,0.920304,0.3,6,0.9,0,50.0,69.0
4,model_9990,0.999998,0.002218,0.999076,0.020793,0.994755,0.904274,0.3,6,0.7,0,50.0,66.0
5,model_9988,0.999996,0.004335,0.999036,0.021787,0.994585,0.901623,0.3,9,0.7,0.2,50.0,76.0
6,model_9987,0.999998,0.005308,0.998972,0.022822,0.99467,0.90339,0.05,9,0.9,0.2,50.0,25.0
7,model_9987,0.999997,0.002133,0.999149,0.021025,0.995601,0.922708,0.3,9,0.7,0,50.0,75.0
8,model_9987,0.999997,0.00519,0.999021,0.02255,0.994755,0.904151,0.05,9,0.7,0.2,50.0,22.0
