,model_name,avg train auc,avg train loss,avg validation auc,avg validation loss,avg test accuracy,avg test sensitivity,lr,depth,colsample_bylevel,min_data_in_leaf,early stopping (iterations),index
0,model_9999,0.999832,0.039028,0.999552,0.049616,0.988583,0.752586,0.07,6,0.9,20,50.0,42.0
1,model_9999,0.999832,0.039028,0.999552,0.049616,0.988583,0.752586,0.07,6,0.9,30,50.0,43.0
2,model_9999,0.999832,0.039028,0.999552,0.049616,0.988583,0.752586,0.07,6,0.9,40,50.0,44.0
3,model_9999,0.999815,0.039414,0.999456,0.049262,0.987229,0.739007,0.1,4,0.7,20,50.0,57.0
4,model_9999,0.999815,0.039414,0.999456,0.049262,0.987229,0.739007,0.1,4,0.7,40,50.0,59.0
5,model_9999,0.999815,0.039414,0.999456,0.049262,0.987229,0.739007,0.1,4,0.7,30,50.0,58.0
6,model_9999,1.0,0.007265,0.999829,0.023846,0.994418,0.886103,0.1,9,0.9,40,50.0,80.0
7,model_9999,1.0,0.007265,0.999829,0.023846,0.994418,0.886103,0.1,9,0.9,20,50.0,78.0
8,model_9999,1.0,0.007265,0.999829,0.023846,0.994418,0.886103,0.1,9,0.9,30,50.0,79.0
