,model_name,avg train auc,avg train loss,avg validation auc,avg validation loss,avg test accuracy,avg test sensitivity,lr,max_depth,colsample_bytree,gamma,early stopping (iterations),index
0,model_9986,1.0,0.001677,0.998673,0.022131,0.994503,0.892663,0.3,6,0.7,0,50.0,66.0
1,model_9985,1.0,0.001423,0.998774,0.021438,0.994841,0.899353,0.3,4,0.7,0,50.0,57.0
2,model_9985,1.0,0.001139,0.998803,0.021232,0.994587,0.895628,0.3,4,0.9,0,50.0,60.0
3,model_9984,0.99996,0.025744,0.998205,0.042288,0.994841,0.888123,0.05,9,0.5,0.5,50.0,20.0
4,model_9984,1.0,0.001575,0.998779,0.021776,0.994841,0.899605,0.1,6,0.5,0,50.0,36.0
5,model_9984,1.0,0.00119,0.99866,0.022115,0.994503,0.892787,0.3,6,0.9,0,50.0,69.0
6,model_9984,1.0,0.002199,0.998406,0.022901,0.994418,0.891019,0.1,4,0.7,0,50.0,30.0
7,model_9984,1.0,0.002937,0.998511,0.022186,0.994841,0.898342,0.1,4,0.5,0,50.0,27.0
8,model_9984,1.0,0.003031,0.998531,0.022269,0.99501,0.900744,0.05,4,0.5,0,50.0,0.0
