,model_name,avg train auc,avg train loss,avg validation auc,avg validation loss,avg test accuracy,avg test sensitivity,lr,max_depth,colsample_bytree,min_child_samples,early stopping (iterations),index
0,model_0,1.0,0.001477,0.999967,0.032724,0.991543,0.918127,0.07,7,0.5,40,50.0,48.0
1,model_0,1.0,0.004908,0.999965,0.059786,0.988752,0.925657,0.07,5,0.5,30,50.0,38.0
2,model_0,1.0,0.000866,0.99998,0.027474,0.993572,0.920278,0.05,7,0.5,40,50.0,21.0
3,model_0,1.0,0.003443,0.999912,0.057957,0.987991,0.925628,0.1,5,0.5,40,50.0,66.0
4,model_0,1.0,0.006512,0.999974,0.076253,0.983593,0.931508,0.05,5,0.7,40,50.0,15.0
5,model_0,1.0,0.00744,0.999976,0.084179,0.982409,0.92585,0.05,5,0.5,40,50.0,12.0
6,model_0,1.0,0.003513,0.999944,0.050535,0.988329,0.925504,0.1,7,0.5,40,50.0,75.0
7,model_0,0.999999,0.041026,0.99992,0.190657,0.973021,0.91353,0.1,5,0.7,40,50.0,69.0
8,model_0,1.0,0.002099,0.999974,0.043703,0.990443,0.925161,0.07,5,0.5,40,50.0,39.0
