,model_name,avg train auc,avg train loss,avg validation auc,avg validation loss,avg test accuracy,avg test sensitivity,lr,max_depth,colsample_bytree,min_child_samples,early stopping (iterations),index
0,model_9990,0.999945,0.018291,0.997994,0.030675,0.994756,0.974166,0.05,7,0.5,40,50.0,20.0
1,model_9989,0.999991,0.01078,0.998327,0.02393,0.99501,0.974299,0.07,7,0.5,40,50.0,47.0
2,model_9989,0.999996,0.007843,0.998389,0.021345,0.995518,0.973711,0.07,5,0.7,40,50.0,41.0
3,model_9989,0.999996,0.007444,0.998362,0.020667,0.995095,0.972634,0.1,5,0.5,30,50.0,64.0
4,model_9989,0.999989,0.011031,0.998372,0.023831,0.994841,0.974211,0.1,5,0.5,40,50.0,65.0
5,model_9989,0.999844,0.028193,0.997445,0.040286,0.991965,0.976977,0.1,3,0.9,40,50.0,62.0
6,model_9989,0.999984,0.015077,0.998163,0.02726,0.994503,0.974888,0.05,5,0.5,30,50.0,10.0
7,model_9989,0.999862,0.033231,0.997648,0.044373,0.992135,0.975355,0.07,3,0.7,20,50.0,30.0
8,model_9989,0.999997,0.006168,0.998311,0.019372,0.995602,0.97119,0.1,7,0.5,30,50.0,73.0
