,model_name,avg train auc,avg train loss,avg validation auc,avg validation loss,avg test accuracy,avg test sensitivity,lr,max_depth,colsample_bytree,min_child_samples,early stopping (iterations),index
0,model_9985,0.999928,0.026344,0.997775,0.038182,0.990525,0.983915,0.05,7,0.5,40,50.0,20.0
1,model_9984,1.0,0.004064,0.99836,0.019276,0.996108,0.981715,0.1,7,0.9,20,50.0,78.0
2,model_9983,0.999996,0.010589,0.998386,0.023957,0.994416,0.980827,0.1,7,0.7,20,50.0,75.0
3,model_9983,0.999948,0.017705,0.997686,0.031949,0.991286,0.97833,0.1,7,0.7,30,50.0,76.0
4,model_9982,0.999976,0.015302,0.997825,0.028071,0.992555,0.980706,0.1,7,0.5,40,50.0,74.0
5,model_9982,0.999939,0.018008,0.997819,0.032205,0.990609,0.97883,0.1,7,0.7,40,50.0,77.0
6,model_9981,0.999961,0.019071,0.997852,0.031441,0.991709,0.984536,0.1,5,0.9,20,50.0,69.0
7,model_9981,0.999941,0.022297,0.997499,0.035537,0.989679,0.982616,0.05,7,0.7,40,50.0,23.0
8,model_9980,0.999973,0.014269,0.997961,0.026852,0.99264,0.981605,0.07,7,0.5,30,50.0,46.0
