,model_name,avg train auc,avg train loss,avg validation auc,avg validation loss,avg test accuracy,avg test sensitivity,lr,max_depth,colsample_bytree,min_child_samples,early stopping (iterations),index
0,model_9999,1.0,0.00323,0.999957,0.068194,0.989509,0.941927,0.05,3,0.7,20,50.0,3.0
1,model_9999,1.0,0.001923,0.99994,0.052305,0.990948,0.932264,0.07,3,0.9,20,50.0,33.0
2,model_9999,1.0,0.000787,0.999981,0.029129,0.994755,0.952681,0.07,5,0.5,30,50.0,37.0
3,model_9999,1.0,0.001239,0.999951,0.038248,0.991963,0.937339,0.1,5,0.9,30,50.0,70.0
4,model_9999,1.0,0.004505,0.999961,0.069491,0.987394,0.946521,0.05,5,0.7,30,50.0,13.0
5,model_9999,1.0,0.001232,0.999949,0.032204,0.992724,0.940382,0.07,7,0.9,30,50.0,52.0
6,model_9999,0.999995,0.372763,0.999909,0.627389,0.884518,0.92157,0.05,5,0.9,20,50.0,15.0
7,model_9999,1.0,0.001051,0.999986,0.036463,0.992809,0.93509,0.05,3,0.7,30,50.0,4.0
8,model_9999,1.0,0.000602,0.999972,0.029533,0.993909,0.934875,0.05,3,0.9,30,50.0,7.0
