,model_name,avg train auc,avg train loss,avg validation auc,avg validation loss,avg test accuracy,avg test sensitivity,lr,max_depth,colsample_bytree,gamma,early stopping (iterations),index
0,model_9992,0.999999,0.005206,0.998626,0.018787,0.99501,0.966605,0.3,4,0.5,0.2,50.0,55.0
1,model_9992,1.0,0.000859,0.998829,0.016593,0.995433,0.971957,0.3,9,0.7,0,50.0,75.0
2,model_9992,0.999993,0.012953,0.998231,0.026264,0.994841,0.972501,0.05,9,0.7,0.5,50.0,23.0
3,model_9991,0.999999,0.004568,0.998551,0.01871,0.995264,0.968448,0.3,4,0.7,0,50.0,57.0
4,model_9991,1.0,0.002232,0.998764,0.016792,0.995433,0.973666,0.3,9,0.5,0.5,50.0,74.0
5,model_9991,0.999996,0.010607,0.998035,0.022528,0.994672,0.969847,0.1,6,0.7,0.2,50.0,40.0
6,model_9991,1.0,0.001365,0.998649,0.017583,0.995095,0.96665,0.1,9,0.9,0.2,50.0,52.0
7,model_9990,1.0,0.001747,0.998695,0.015622,0.995602,0.9729,0.1,9,0.7,0.2,50.0,49.0
8,model_9990,0.999998,0.008236,0.998291,0.022807,0.994841,0.969936,0.05,9,0.9,0.5,50.0,26.0
